"file","bytes","sha256","backup_sha256","match"
"dist\bonsai2-8gb-combo\start_all_agent.bat","4858","22EA602F2E638CC654B3FCF88E64CE359C2D988163EC14810C4B27D4E0B41C8E","22EA602F2E638CC654B3FCF88E64CE359C2D988163EC14810C4B27D4E0B41C8E","True"
"dist\bonsai2-8gb-combo\start_bonsai_8gb_agent.bat","1255","4E59A0DBEAD36144D3C71C3C86A35D33D4401738E2199C2AF9FFA28648981D31","4E59A0DBEAD36144D3C71C3C86A35D33D4401738E2199C2AF9FFA28648981D31","True"
"dist\bonsai2-8gb-combo\start-bonsai.ps1","2268","408EB10CCE70247416B9391C72A0C6211EE17D2265709B0AED9F4DAC0E3B67E3","408EB10CCE70247416B9391C72A0C6211EE17D2265709B0AED9F4DAC0E3B67E3","True"
"dist\bonsai2-8gb-combo\warm_kv.bat","506","DF2BD6B7128BE586430CEEF332BB61E74153BE0B83DBC04F41A83A9F0782E4E1","DF2BD6B7128BE586430CEEF332BB61E74153BE0B83DBC04F41A83A9F0782E4E1","True"
"dist\bonsai2-8gb-combo\start_capture.bat","2690","534A45B16E15378C43607243D12AECC5640B1ECE699CC879C1B77851D432037A","534A45B16E15378C43607243D12AECC5640B1ECE699CC879C1B77851D432037A","True"
"proxy\bonsai_proxy.py","24086","5DAAB527777684283BDFB1E3458CA9095E803168C1B2F751EB739A9F88FBC664","5DAAB527777684283BDFB1E3458CA9095E803168C1B2F751EB739A9F88FBC664","True"
"warm_kv.py","3411","E0B9BDAAD46241492CCA8D4FE6D81BFAA900B55F5A2EFF26BEFBC5A138062AE5","E0B9BDAAD46241492CCA8D4FE6D81BFAA900B55F5A2EFF26BEFBC5A138062AE5","True"
"serve.py","7009","129E1C1928B8577116CC554D4817FF40D24FC269391912B2029DD968EA37DF5B","129E1C1928B8577116CC554D4817FF40D24FC269391912B2029DD968EA37DF5B","True"
"capture\effort.txt","6","C082456A7766E23A18DB084CD34B6FF510BAEF506548B897CC80E9B7D3E121C8","C082456A7766E23A18DB084CD34B6FF510BAEF506548B897CC80E9B7D3E121C8","True"
